#EmpId,LocId,EmpName
1,49,Colin Abraham
2,33,Emily Abraham
3,47,Joe Abraham
4,41,Kimberly Abraham
5,27,Lauren Abraham
6,35,Michelle Abraham
7,52,Owen Abraham
8,6,Richard Abraham
9,28,Robert Abraham
10,50,Amelia Allan
11,6,Anna Allan
12,43,Victor Allan
13,9,Austin Alsop
14,41,Charles Alsop
15,8,Christopher Alsop
16,52,Dan Alsop
17,53,Diana Alsop
18,18,Jasmine Alsop
19,11,Kevin Alsop
20,49,Michael Alsop
21,58,Michelle Alsop
22,22,Wendy Alsop
23,14,Amelia Anderson
24,8,Anthony Anderson
25,29,Austin Anderson
26,3,Carolyn Anderson
27,41,Michelle Anderson
28,51,Olivia Anderson
29,14,Audrey Arnold
30,21,Benjamin Arnold
31,42,Jonathan Arnold
32,58,Max Arnold
33,49,Sue Arnold
34,23,Carol Avery
35,3,Charles Avery
36,6,David Avery
37,47,Faith Avery
38,49,Piers Avery
39,15,Brandon Bailey
40,45,John Bailey
41,40,Justin Bailey
42,17,Katherine Bailey
43,40,Lillian Bailey
44,44,Lily Bailey
45,22,Natalie Bailey
46,29,Stewart Bailey
47,22,Austin Baker
48,27,Brandon Baker
49,31,Brian Baker
50,18,Emily Baker
51,54,Evan Baker
52,50,James Baker
53,25,Jan Baker
54,11,Michelle Baker
55,41,Sonia Baker
56,30,Stephen Baker
57,56,Adrian Ball
58,36,Carl Ball
59,6,Gavin Ball
60,30,Jonathan Ball
61,26,Maria Ball
62,20,Sarah Ball
63,23,Virginia Ball
64,25,Michelle Bell
65,23,Thomas Bell
66,7,Victor Bell
67,56,Ava Berry
68,26,Cameron Berry
69,45,Dan Berry
70,56,David Berry
71,46,Deirdre Berry
72,41,Heather Berry
73,34,John Berry
74,52,Sophie Berry
75,19,William Berry
76,49,Alan Black
77,34,Olivia Black
78,41,Rebecca Black
79,22,Richard Black
80,11,Sam Black
81,48,Bernadette Blake
82,26,Grace Blake
83,23,Lauren Blake
84,23,Irene Bond
85,53,Jonathan Bond
86,52,Megan Bond
87,8,Sally Bond
88,4,Sue Bond
89,5,Wendy Bond
90,58,Amanda Bower
91,33,Amy Bower
92,57,Christopher Bower
93,55,Diane Bower
94,49,Lauren Bower
95,44,Piers Bower
96,18,Sarah Bower
97,45,Sophie Bower
98,29,Connor Brown
99,5,Grace Brown
100,22,Hannah Brown
101,43,Lisa Brown
102,15,Peter Brown
103,1,Audrey Buckland
104,49,Ella Buckland
105,18,Jennifer Buckland
106,2,Justin Buckland
107,58,Lisa Buckland
108,4,Sarah Buckland
109,37,Carl Burgess
110,1,Christopher Burgess
111,54,Harry Burgess
112,57,Kimberly Burgess
113,43,Lillian Burgess
114,40,Megan Burgess
115,41,Victor Burgess
116,48,Alan Butler
117,9,Amanda Butler
118,15,Andrew Butler
119,15,Eric Butler
120,53,Jake Butler
121,38,Jason Butler
122,20,Stewart Butler
123,34,Sue Butler
124,27,Anthony Cameron
125,30,Diana Cameron
126,7,Joanne Cameron
127,22,Karen Cameron
128,35,Lauren Cameron
129,48,Lisa Cameron
130,7,Megan Cameron
131,9,Sonia Cameron
132,43,Stewart Cameron
133,9,Trevor Cameron
134,36,Alison Campbell
135,57,Mary Campbell
136,37,Natalie Campbell
137,53,Ryan Campbell
138,4,Sue Campbell
139,6,Tracey Campbell
140,34,Vanessa Campbell
141,58,Angela Carr
142,49,Harry Carr
143,51,Jason Carr
144,35,Katherine Carr
145,47,Sophie Carr
146,28,Stewart Carr
147,32,Vanessa Carr
148,46,Gabrielle Chapman
149,40,Jack Chapman
150,43,Jake Chapman
151,6,Nathan Chapman
152,47,Peter Chapman
153,58,Una Chapman
154,32,Vanessa Chapman
155,14,David Churchill
156,32,Luke Churchill
157,49,Michael Churchill
158,5,Nathan Churchill
159,12,Phil Churchill
160,24,Piers Churchill
161,50,Stephen Churchill
162,22,Alan Clark
163,3,Colin Clark
164,28,Dylan Clark
165,8,Hannah Clark
166,24,John Clark
167,14,Michael Clark
168,12,Sophie Clark
169,14,Virginia Clark
170,43,Alan Clarkson
171,49,Andrew Clarkson
172,20,Kimberly Clarkson
173,14,Sonia Clarkson
174,20,Warren Clarkson
175,14,Carolyn Coleman
176,50,Kevin Coleman
177,33,Lucas Coleman
178,30,Luke Coleman
179,25,Mary Coleman
180,56,Megan Coleman
181,25,Natalie Coleman
182,53,Oliver Coleman
183,52,Tracey Coleman
184,32,Vanessa Coleman
185,42,Christopher Cornish
186,8,Emily Cornish
187,51,Emma Cornish
188,2,Isaac Cornish
189,37,Joshua Cornish
190,33,Ryan Cornish
191,46,Tracey Cornish
192,57,Anna Davidson
193,27,David Davidson
194,21,Matt Davidson
195,23,Max Davidson
196,39,Steven Davidson
197,17,Victor Davidson
198,16,Wanda Davidson
199,48,Yvonne Davidson
200,33,Jane Davies
201,41,Jonathan Davies
202,9,Michael Davies
203,42,Sean Davies
204,26,Alison Dickens
205,47,Anna Dickens
206,13,Heather Dickens
207,43,Neil Dickens
208,19,Nicola Dickens
209,19,Austin Dowd
210,44,Brian Dowd
211,51,Carol Dowd
212,48,Jane Dowd
213,50,Oliver Dowd
214,25,Victoria Dowd
215,50,Zoe Dowd
216,35,Abigail Duncan
217,16,Carl Duncan
218,57,Jake Dyer
219,18,Jonathan Dyer
220,17,Lucas Dyer
221,55,Nicholas Dyer
222,18,Adam Edmunds
223,29,Alison Edmunds
224,48,Anne Edmunds
225,43,Carl Edmunds
226,1,Evan Edmunds
227,50,Joe Edmunds
228,35,Madeleine Edmunds
229,30,Amanda Ellison
230,31,Anna Ellison
231,50,Emily Ellison
232,42,Joshua Ellison
233,41,Penelope Ellison
234,7,Phil Ellison
235,24,Sam Ellison
236,23,Bella Ferguson
237,12,Brian Ferguson
238,38,Deirdre Ferguson
239,51,Emma Ferguson
240,2,Frank Ferguson
241,41,Irene Ferguson
242,23,Lillian Ferguson
243,7,Molly Ferguson
244,56,Nicola Ferguson
245,44,Peter Ferguson
246,45,Sam Ferguson
247,6,Benjamin Fisher
248,44,Diane Fisher
249,12,Madeleine Fisher
250,30,Maria Fisher
251,2,Nicholas Fisher
252,21,Phil Fisher
253,52,Rebecca Fisher
254,21,Andrew Forsyth
255,36,Eric Forsyth
256,46,Ian Forsyth
257,28,Jake Forsyth
258,21,Mary Forsyth
259,13,Molly Forsyth
260,6,Tracey Forsyth
261,9,Jane Fraser
262,22,Rose Fraser
263,27,Wanda Fraser
264,6,Anthony Gibson
265,19,Benjamin Gibson
266,50,Leonard Gibson
267,31,Ruth Gibson
268,33,Thomas Gibson
269,1,Anne Gill
270,15,Audrey Gill
271,36,Bernadette Gill
272,30,Charles Gill
273,56,Dominic Gill
274,46,Gordon Gill
275,21,Joseph Gill
276,19,Leah Gill
277,12,Lucas Gill
278,44,Dorothy Glover
279,46,Heather Glover
280,10,Kevin Glover
281,23,Michael Glover
282,6,Steven Glover
283,14,Warren Glover
284,29,Alan Graham
285,25,Anne Graham
286,12,Christian Graham
287,57,Dorothy Graham
288,9,Felicity Graham
289,41,Jack Graham
290,26,James Graham
291,55,Joan Graham
292,44,Leonard Graham
293,54,Lisa Graham
294,6,Peter Graham
295,54,Rose Graham
296,37,Sue Graham
297,48,Vanessa Graham
298,51,Bernadette Grant
299,3,Deirdre Grant
300,40,Dominic Grant
301,31,Jonathan Grant
302,33,Joshua Grant
303,38,Sarah Grant
304,42,Boris Gray
305,44,Edward Gray
306,34,Frank Gray
307,18,Jonathan Gray
308,55,Rebecca Gray
309,11,James Greene
310,19,Jan Greene
311,22,Joseph Greene
312,52,Kevin Greene
313,17,Owen Greene
314,54,Richard Greene
315,37,Samantha Greene
316,6,Sophie Greene
317,18,Ava Hamilton
318,20,Caroline Hamilton
319,37,Chloe Hamilton
320,46,Diana Hamilton
321,7,Neil Hamilton
322,22,Pippa Hamilton
323,30,Bernadette Hardacre
324,1,Fiona Hardacre
325,32,Hannah Hardacre
326,10,Jane Hardacre
327,22,Lillian Hardacre
328,29,Madeleine Hardacre
329,26,Abigail Harris
330,49,Alison Harris
331,49,Andrew Harris
332,12,Brian Harris
333,38,Christopher Harris
334,48,Kevin Harris
335,29,Alan Hart
336,17,Angela Hart
337,4,Anne Hart
338,28,Austin Hart
339,15,Boris Hart
340,31,Brian Hart
341,24,Dylan Hart
342,7,James Hart
343,50,Warren Hart
344,5,Alan Hemmings
345,47,Alexander Hemmings
346,38,Bernadette Hemmings
347,24,Blake Hemmings
348,39,Carolyn Hemmings
349,9,Dylan Hemmings
350,40,Emma Hemmings
351,24,Heather Hemmings
352,27,Justin Hemmings
353,52,Kimberly Hemmings
354,8,Lillian Hemmings
355,36,Madeleine Hemmings
356,54,Mary Hemmings
357,18,Megan Hemmings
358,6,Molly Hemmings
359,2,Sebastian Hemmings
360,12,Amelia Henderson
361,20,Caroline Henderson
362,28,Colin Henderson
363,24,Jonathan Henderson
364,38,Sebastian Henderson
365,42,Boris Hill
366,24,David Hill
367,57,Jan Hill
368,43,Jennifer Hill
369,19,Leonard Hill
370,10,Olivia Hill
371,2,Sean Hill
372,52,Tracey Hill
373,21,Victoria Hill
374,5,Zoe Hill
375,13,Amy Hodges
376,48,Jake Hodges
377,19,Lisa Hodges
378,23,Molly Hodges
379,7,Sean Hodges
380,18,Tim Hodges
381,13,Anne Howard
382,53,Audrey Howard
383,40,Diana Howard
384,23,Evan Howard
385,46,Ian Howard
386,20,John Howard
387,49,Sarah Howard
388,11,Stephanie Howard
389,42,Trevor Howard
390,55,Victoria Howard
391,8,Amelia Hudson
392,33,Anthony Hudson
393,19,Jennifer Hudson
394,41,Jonathan Hudson
395,22,Rose Hudson
396,56,Theresa Hudson
397,46,Yvonne Hudson
398,20,Alison Hughes
399,31,Dominic Hughes
400,16,Ella Hughes
401,19,Jessica Hughes
402,43,Katherine Hughes
403,52,Rose Hughes
404,8,Samantha Hughes
405,48,Stephen Hughes
406,10,Nicholas Hunter
407,12,Rachel Hunter
408,20,Robert Hunter
409,12,Samantha Hunter
410,47,Brandon Ince
411,47,Deirdre Ince
412,3,Eric Ince
413,11,Nathan Ince
414,31,Ryan Ince
415,33,Andrew Jackson
416,38,Carl Jackson
417,10,Edward Jackson
418,45,Frank Jackson
419,30,Gordon Jackson
420,34,Rachel Jackson
421,17,Alexandra James
422,50,Dorothy James
423,53,Jacob James
424,42,Kimberly James
425,26,Pippa James
426,13,Sebastian James
427,58,Alexander Johnston
428,21,Austin Johnston
429,51,Jack Johnston
430,41,Jessica Johnston
431,55,Kimberly Johnston
432,17,Michael Johnston
433,51,Michelle Johnston
434,30,Stewart Johnston
435,51,Faith Jones
436,19,Paul Jones
437,32,Richard Jones
438,17,Una Jones
439,55,Alan Kelly
440,47,Amanda Kelly
441,24,Emma Kelly
442,9,Liam Kelly
443,37,Lucas Kelly
444,42,Molly Kelly
445,58,Nicola Kelly
446,19,Tim Kelly
447,57,Virginia Kelly
448,27,Wendy Kelly
449,22,Benjamin Kerr
450,30,Dominic Kerr
451,34,Frank Kerr
452,55,Grace Kerr
453,39,Owen Kerr
454,26,Paul King
455,21,Sonia King
456,38,Stephanie King
457,39,Wendy King
458,16,Austin Knox
459,16,Donna Knox
460,36,Jessica Knox
461,56,John Knox
462,42,Lillian Knox
463,30,Megan Knox
464,40,Owen Knox
465,1,Connor Lambert
466,11,Ian Lambert
467,56,Joan Lambert
468,17,Sarah Lambert
469,17,Thomas Lambert
470,25,Bella Langdon
471,20,Cameron Langdon
472,37,Carol Langdon
473,55,Gabrielle Langdon
474,55,Jacob Langdon
475,36,Joe Langdon
476,58,Leonard Langdon
477,48,Piers Langdon
478,36,William Langdon
479,6,Adam Lawrence
480,12,Andrea Lawrence
481,21,Faith Lawrence
482,26,Gordon Lawrence
483,13,Joanne Lawrence
484,25,Leonard Lawrence
485,3,Lily Lawrence
486,2,Max Lawrence
487,36,Melanie Lawrence
488,23,Michelle Lawrence
489,39,Tim Lawrence
490,32,Carl Lee
491,18,Emma Lee
492,26,Kimberly Lee
493,41,Lauren Lee
494,5,Sam Lee
495,2,Theresa Lee
496,54,Trevor Lee
497,14,Amy Lewis
498,31,Angela Lewis
499,50,Caroline Lewis
500,22,Gabrielle Lewis
501,27,Isaac Lewis
502,35,John Lewis
503,35,Leah Lewis
504,15,Madeleine Lewis
505,51,Natalie Lewis
506,43,Owen Lewis
507,8,Ava Lyman
508,21,Chloe Lyman
509,8,Lisa Lyman
510,49,Paul Lyman
511,28,Stewart Lyman
512,31,Colin MacDonald
513,47,Edward MacDonald
514,52,Faith MacDonald
515,15,Jake MacDonald
516,35,Richard MacDonald
517,48,Alan MacLeod
518,46,Anthony MacLeod
519,17,Claire MacLeod
520,52,Evan MacLeod
521,30,Ruth MacLeod
522,57,Stephen MacLeod
523,18,Yvonne MacLeod
524,21,Amanda Mackay
525,51,Angela Mackay
526,8,Diana Mackay
527,17,Dorothy Mackay
528,3,Isaac Mackay
529,29,Kevin Mackay
530,10,Simon Mackay
531,43,Virginia Mackay
532,42,Anna Mackenzie
533,11,Benjamin Mackenzie
534,26,Dylan Mackenzie
535,27,Ella Mackenzie
536,55,Una Mackenzie
537,58,Warren Mackenzie
538,6,Adam Manning
539,58,Andrew Manning
540,54,Joseph Manning
541,29,Owen Manning
542,15,Anthony Marshall
543,39,Christopher Marshall
544,30,Eric Marshall
545,58,Fiona Marshall
546,2,Joan Marshall
547,38,Karen Marshall
548,53,Keith Marshall
549,30,Lauren Marshall
550,33,Thomas Marshall
551,56,Warren Marshall
552,44,Dylan Martin
553,54,Evan Martin
554,38,Felicity Martin
555,45,Keith Martin
556,28,Carol Mathis
557,45,Jacob Mathis
558,26,Jane Mathis
559,50,Joshua Mathis
560,14,Matt Mathis
561,13,Megan Mathis
562,53,Nicola Mathis
563,17,Sally Mathis
564,8,Sebastian Mathis
565,33,Christian May
566,47,Gabrielle May
567,45,Harry May
568,9,Ian McDonald
569,8,Una McDonald
570,15,Adrian McGrath
571,29,Blake McGrath
572,18,Caroline McGrath
573,19,Ella McGrath
574,7,Emily McGrath
575,21,Eric McGrath
576,42,Jasmine McGrath
577,39,Molly McGrath
578,54,Natalie McGrath
579,32,Anna McLean
580,51,Anthony McLean
581,56,Bernadette McLean
582,50,Chloe McLean
583,35,Joshua McLean
584,27,Lillian McLean
585,31,Sally McLean
586,6,Victoria McLean
587,49,Austin Metcalfe
588,36,Blake Metcalfe
589,54,Heather Metcalfe
590,17,Jacob Metcalfe
591,19,Joseph Metcalfe
592,54,Ryan Metcalfe
593,55,Sophie Metcalfe
594,11,Warren Metcalfe
595,53,Edward Miller
596,30,Leah Miller
597,13,Megan Miller
598,15,Oliver Miller
599,22,Owen Miller
600,1,Rachel Miller
601,51,Steven Miller
602,6,Warren Miller
603,27,Grace Mills
604,56,Madeleine Mills
605,48,Ruth Mills
606,19,Samantha Mills
607,39,Sarah Mills
608,12,Stephen Mills
609,30,Connor Mitchell
610,6,Diana Mitchell
611,24,Donna Mitchell
612,22,Felicity Mitchell
613,23,James Mitchell
614,54,Jasmine Mitchell
615,2,Richard Mitchell
616,28,Sally Mitchell
617,51,Alexander Morgan
618,48,Anna Morgan
619,40,Anne Morgan
620,16,Christian Morgan
621,17,Evan Morgan
622,14,Ian Morgan
623,22,Mary Morgan
624,11,Olivia Morgan
625,43,Simon Morgan
626,19,Brandon Morrison
627,47,Colin Morrison
628,5,Dylan Morrison
629,54,Natalie Morrison
630,4,Paul Morrison
631,32,Vanessa Morrison
632,40,Jane Murray
633,52,Jasmine Murray
634,20,Leonard Murray
635,40,Penelope Murray
636,37,Piers Murray
637,19,Sean Murray
638,15,Stewart Murray
639,15,Vanessa Murray
640,34,Abigail Nash
641,24,David Nash
642,8,Hannah Nash
643,11,James Nash
644,41,Jasmine Nash
645,30,Jessica Nash
646,52,Michael Nash
647,29,Nathan Nash
648,21,Adrian Newman
649,26,Bella Newman
650,26,Emily Newman
651,20,Jack Newman
652,33,Joanne Newman
653,52,Katherine Newman
654,26,Neil Newman
655,9,Alison Nolan
656,42,Dan Nolan
657,10,Emily Nolan
658,30,Jake Nolan
659,30,Jonathan Nolan
660,28,Karen Nolan
661,14,Kevin Nolan
662,14,Sebastian Nolan
663,32,Vanessa Nolan
664,52,Adrian North
665,38,Alison North
666,26,Stewart North
667,43,Ava Ogden
668,34,Benjamin Ogden
669,51,Hannah Ogden
670,31,Jasmine Ogden
671,29,Kylie Ogden
672,49,Owen Ogden
673,27,Sam Ogden
674,12,Sean Ogden
675,31,Stewart Ogden
676,30,Dylan Oliver
677,6,Faith Oliver
678,29,Victor Oliver
679,41,Alexander Paige
680,36,Christian Paige
681,16,Ian Paige
682,20,Leonard Paige
683,14,Matt Paige
684,51,Max Paige
685,12,Molly Paige
686,37,Ruth Paige
687,53,Anthony Parr
688,16,Dylan Parr
689,23,Edward Parr
690,39,Joan Parr
691,3,Joshua Parr
692,31,Liam Parr
693,36,Maria Parr
694,17,Ava Parsons
695,51,Bernadette Parsons
696,49,Dan Parsons
697,47,Frank Parsons
698,12,Katherine Parsons
699,21,Leonard Parsons
700,10,Bernadette Paterson
701,6,Ella Paterson
702,21,Frank Paterson
703,55,Gavin Paterson
704,21,Matt Paterson
705,15,Melanie Paterson
706,56,Michelle Paterson
707,56,Peter Paterson
708,22,Ryan Paterson
709,34,Sally Paterson
710,50,Sophie Paterson
711,8,Theresa Paterson
712,54,Virginia Paterson
713,28,Alan Payne
714,33,Blake Payne
715,31,Owen Payne
716,22,Alison Peake
717,51,Carl Peake
718,24,Dylan Peake
719,6,Maria Peake
720,44,Ruth Peake
721,7,Adam Peters
722,43,Dominic Peters
723,5,Jacob Peters
724,46,Jake Peters
725,12,Joseph Peters
726,15,Leah Peters
727,43,Lillian Peters
728,46,Nicola Peters
729,9,Phil Peters
730,4,Faith Piper
731,17,Tim Piper
732,4,Charles Poole
733,11,Christopher Poole
734,38,Deirdre Poole
735,18,Jack Poole
736,35,Jan Poole
737,13,Sebastian Poole
738,10,Warren Poole
739,9,Audrey Powell
740,50,Diane Powell
741,23,Jessica Powell
742,27,Julian Powell
743,25,Karen Powell
744,46,Robert Powell
745,12,Alexandra Pullman
746,10,Ava Pullman
747,56,Boris Pullman
748,50,Gavin Pullman
749,18,Grace Pullman
750,7,Lillian Pullman
751,15,William Pullman
752,47,Abigail Quinn
753,41,Boris Quinn
754,1,Diana Quinn
755,24,Emily Quinn
756,41,Keith Quinn
757,39,Sebastian Quinn
758,34,Simon Quinn
759,51,Stewart Quinn
760,6,Victor Quinn
761,8,Amy Rampling
762,11,Audrey Rampling
763,27,Jennifer Rampling
764,10,Rachel Rampling
765,44,Tracey Rampling
766,9,Zoe Rampling
767,48,Anne Randall
768,29,Bella Randall
769,36,Brandon Randall
770,27,Gavin Randall
771,56,Jane Randall
772,37,Keith Randall
773,50,Madeleine Randall
774,14,Phil Randall
775,57,Robert Randall
776,1,Gordon Rees
777,56,Jennifer Rees
778,4,Liam Rees
779,37,Anna Reid
780,44,Eric Reid
781,23,Jan Reid
782,32,Anne Roberts
783,10,Elizabeth Roberts
784,2,Jessica Roberts
785,7,Julia Roberts
786,43,Rebecca Roberts
787,9,Samantha Roberts
788,48,Sebastian Roberts
789,55,Audrey Robertson
790,32,Brian Robertson
791,15,Jack Robertson
792,57,Steven Robertson
793,22,Theresa Robertson
794,4,William Robertson
795,19,Carolyn Ross
796,8,Jennifer Ross
797,41,Sophie Ross
798,9,Jack Russell
799,38,Gabrielle Rutherford
800,1,Sophie Rutherford
801,49,Trevor Rutherford
802,58,Austin Sanderson
803,46,Jane Sanderson
804,25,Julian Sanderson
805,19,Michael Sanderson
806,10,Tim Sanderson
807,27,William Sanderson
808,30,Ava Scott
809,34,Boris Scott
810,39,Jake Scott
811,41,Nathan Scott
812,2,Andrea Sharp
813,58,Anthony Sharp
814,7,Bella Sharp
815,23,Carol Sharp
816,36,Dan Sharp
817,5,Keith Sharp
818,21,Mary Sharp
819,24,Matt Sharp
820,42,Peter Sharp
821,9,Sarah Sharp
822,18,Sean Sharp
823,12,Ella Short
824,35,Katherine Short
825,33,Melanie Short
826,21,Abigail Simpson
827,43,Bernadette Simpson
828,36,Hannah Simpson
829,47,Jack Simpson
830,28,Karen Simpson
831,6,Matt Simpson
832,58,Max Simpson
833,17,Sonia Simpson
834,14,Steven Simpson
835,20,Amy Skinner
836,54,Julian Skinner
837,23,Kevin Skinner
838,22,Lillian Skinner
839,57,Mary Skinner
840,2,Matt Skinner
841,23,Rose Skinner
842,48,Sean Skinner
843,11,Alexander Slater
844,10,Grace Slater
845,57,Matt Slater
846,49,Gordon Smith
847,43,Joshua Smith
848,38,Megan Smith
849,18,Nicholas Smith
850,44,Piers Smith
851,35,Sarah Smith
852,33,Abigail Springer
853,34,Adam Springer
854,30,Eric Springer
855,45,Frank Springer
856,35,Trevor Springer
857,31,Victoria Springer
858,54,Christian Stewart
859,56,Lisa Stewart
860,46,Rebecca Stewart
861,38,Sam Stewart
862,2,Thomas Stewart
863,33,Diane Sutherland
864,48,Evan Sutherland
865,31,Frank Sutherland
866,41,Isaac Sutherland
867,19,Jennifer Sutherland
868,8,Julia Sutherland
869,21,Lisa Sutherland
870,27,Stephanie Sutherland
871,10,Boris Taylor
872,49,Elizabeth Taylor
873,49,Gordon Taylor
874,5,Leonard Taylor
875,52,Madeleine Taylor
876,17,Richard Taylor
877,54,Robert Taylor
878,18,Gabrielle Terry
879,45,Harry Terry
880,19,Jane Terry
881,18,Joe Terry
882,20,Kylie Terry
883,48,Leah Terry
884,50,Matt Terry
885,7,Sarah Terry
886,34,Sean Terry
887,53,Theresa Terry
888,24,Heather Thomson
889,47,Joshua Thomson
890,2,Oliver Thomson
891,52,Deirdre Tucker
892,24,Frank Tucker
893,28,Jessica Tucker
894,1,Joan Tucker
895,34,Lillian Tucker
896,19,Michael Tucker
897,24,Simon Tucker
898,53,Virginia Tucker
899,25,Christopher Turner
900,5,Irene Turner
901,40,Michael Turner
902,1,Sonia Turner
903,13,Alison Underwood
904,4,Anna Underwood
905,16,Brian Underwood
906,6,Lauren Underwood
907,23,Leonard Underwood
908,35,Fiona Vance
909,57,Hannah Vance
910,16,Jane Vance
911,1,Brian Vaughan
912,14,Cameron Vaughan
913,20,Donna Vaughan
914,40,Dylan Vaughan
915,6,Evan Vaughan
916,16,Jessica Vaughan
917,52,John Vaughan
918,30,Karen Vaughan
919,40,Neil Vaughan
920,15,Yvonne Vaughan
921,56,Zoe Vaughan
922,13,Ella Walker
923,3,Jake Walker
924,51,Liam Walker
925,35,Richard Walker
926,23,Sam Walker
927,20,Sarah Walker
928,10,Wendy Walker
929,44,William Walker
930,21,Bella Wallace
931,25,Cameron Wallace
932,7,Elizabeth Wallace
933,25,Joanne Wallace
934,40,Mary Wallace
935,51,Melanie Wallace
936,30,Paul Wallace
937,29,Sally Wallace
938,11,Virginia Wallace
939,13,Chloe Walsh
940,48,Dorothy Walsh
941,47,Ella Walsh
942,28,Gabrielle Walsh
943,4,Joseph Walsh
944,46,Owen Walsh
945,49,Simon Walsh
946,21,Thomas Walsh
947,50,Una Walsh
948,45,Warren Walsh
949,6,Brandon Watson
950,8,Emma Watson
951,9,Heather Watson
952,31,Justin Watson
953,1,Victoria Watson
954,48,Gabrielle Welch
955,31,Rebecca Welch
956,3,Amelia White
957,20,Carl White
958,34,Chloe White
959,33,Christopher White
960,25,Edward White
961,57,Gavin White
962,52,Lillian White
963,45,Richard White
964,52,Ava Wilkins
965,2,Benjamin Wilkins
966,35,Emily Wilkins
967,43,Fiona Wilkins
968,5,Gabrielle Wilkins
969,9,Sue Wilkins
970,38,Una Wilkins
971,56,Victor Wilkins
972,21,Blake Wilson
973,45,Diane Wilson
974,5,Joanne Wilson
975,29,Leonard Wilson
976,3,Megan Wilson
977,32,Samantha Wilson
978,26,Alan Wright
979,55,Andrew Wright
980,43,Katherine Wright
981,24,Mary Wright
982,29,William Wright
983,38,Yvonne Wright
984,21,Carol Young
985,46,Christopher Young
986,24,Deirdre Young
987,58,Dorothy Young
988,3,Faith Young
989,29,Harry Young
990,4,Heather Young
991,21,James Young
992,29,Jan Young
993,48,Jonathan Young
994,35,Joshua Young
995,11,Max Young
996,37,Olivia Young
997,56,Rose Young
998,30,Stephen Young
999,3,Wanda Young
1000,44,Zoe Young
